{
  "hash": "6fde123e",
  "configHash": "34f8a9c6",
  "lockfileHash": "58fd2ea1",
  "browserHash": "925de778",
  "optimized": {
    "@angular/cdk/bidi": {
      "src": "../../../../../../node_modules/@angular/cdk/fesm2022/bidi.mjs",
      "file": "@angular_cdk_bidi.js",
      "fileHash": "add8159c",
      "needsInterop": false
    },
    "@angular/cdk/scrolling": {
      "src": "../../../../../../node_modules/@angular/cdk/fesm2022/scrolling.mjs",
      "file": "@angular_cdk_scrolling.js",
      "fileHash": "2722b283",
      "needsInterop": false
    },
    "@angular/cdk/text-field": {
      "src": "../../../../../../node_modules/@angular/cdk/fesm2022/text-field.mjs",
      "file": "@angular_cdk_text-field.js",
      "fileHash": "96c71642",
      "needsInterop": false
    },
    "@angular/common": {
      "src": "../../../../../../node_modules/@angular/common/fesm2022/common.mjs",
      "file": "@angular_common.js",
      "fileHash": "bba7b0ba",
      "needsInterop": false
    },
    "@angular/common/http": {
      "src": "../../../../../../node_modules/@angular/common/fesm2022/http.mjs",
      "file": "@angular_common_http.js",
      "fileHash": "80d23e4b",
      "needsInterop": false
    },
    "@angular/core": {
      "src": "../../../../../../node_modules/@angular/core/fesm2022/core.mjs",
      "file": "@angular_core.js",
      "fileHash": "8b78e96b",
      "needsInterop": false
    },
    "@angular/forms": {
      "src": "../../../../../../node_modules/@angular/forms/fesm2022/forms.mjs",
      "file": "@angular_forms.js",
      "fileHash": "c757f65a",
      "needsInterop": false
    },
    "@angular/material/button": {
      "src": "../../../../../../node_modules/@angular/material/fesm2022/button.mjs",
      "file": "@angular_material_button.js",
      "fileHash": "6a922daf",
      "needsInterop": false
    },
    "@angular/material/card": {
      "src": "../../../../../../node_modules/@angular/material/fesm2022/card.mjs",
      "file": "@angular_material_card.js",
      "fileHash": "5505d688",
      "needsInterop": false
    },
    "@angular/material/checkbox": {
      "src": "../../../../../../node_modules/@angular/material/fesm2022/checkbox.mjs",
      "file": "@angular_material_checkbox.js",
      "fileHash": "673479bb",
      "needsInterop": false
    },
    "@angular/material/core": {
      "src": "../../../../../../node_modules/@angular/material/fesm2022/core.mjs",
      "file": "@angular_material_core.js",
      "fileHash": "2aec3b9e",
      "needsInterop": false
    },
    "@angular/material/datepicker": {
      "src": "../../../../../../node_modules/@angular/material/fesm2022/datepicker.mjs",
      "file": "@angular_material_datepicker.js",
      "fileHash": "fe7135df",
      "needsInterop": false
    },
    "@angular/material/form-field": {
      "src": "../../../../../../node_modules/@angular/material/fesm2022/form-field.mjs",
      "file": "@angular_material_form-field.js",
      "fileHash": "718652fd",
      "needsInterop": false
    },
    "@angular/material/icon": {
      "src": "../../../../../../node_modules/@angular/material/fesm2022/icon.mjs",
      "file": "@angular_material_icon.js",
      "fileHash": "dd166437",
      "needsInterop": false
    },
    "@angular/material/input": {
      "src": "../../../../../../node_modules/@angular/material/fesm2022/input.mjs",
      "file": "@angular_material_input.js",
      "fileHash": "e287b150",
      "needsInterop": false
    },
    "@angular/platform-browser": {
      "src": "../../../../../../node_modules/@angular/platform-browser/fesm2022/platform-browser.mjs",
      "file": "@angular_platform-browser.js",
      "fileHash": "19dba242",
      "needsInterop": false
    },
    "@angular/router": {
      "src": "../../../../../../node_modules/@angular/router/fesm2022/router.mjs",
      "file": "@angular_router.js",
      "fileHash": "8f1a45e5",
      "needsInterop": false
    },
    "rxjs/operators": {
      "src": "../../../../../../node_modules/rxjs/dist/esm5/operators/index.js",
      "file": "rxjs_operators.js",
      "fileHash": "e1cf4886",
      "needsInterop": false
    },
    "@angular/material/select": {
      "src": "../../../../../../node_modules/@angular/material/fesm2022/select.mjs",
      "file": "@angular_material_select.js",
      "fileHash": "93c166b8",
      "needsInterop": false
    }
  },
  "chunks": {
    "chunk-VOWVIG7N": {
      "file": "chunk-VOWVIG7N.js"
    },
    "chunk-MIYATAZT": {
      "file": "chunk-MIYATAZT.js"
    },
    "chunk-UKDJCRCJ": {
      "file": "chunk-UKDJCRCJ.js"
    },
    "chunk-PVUPC4KA": {
      "file": "chunk-PVUPC4KA.js"
    },
    "chunk-I4GTSDRN": {
      "file": "chunk-I4GTSDRN.js"
    },
    "chunk-XOGMCXAT": {
      "file": "chunk-XOGMCXAT.js"
    },
    "chunk-MPS2BIMW": {
      "file": "chunk-MPS2BIMW.js"
    },
    "chunk-DDZO6VH7": {
      "file": "chunk-DDZO6VH7.js"
    },
    "chunk-T5JD7EFL": {
      "file": "chunk-T5JD7EFL.js"
    },
    "chunk-7Q2VPY2X": {
      "file": "chunk-7Q2VPY2X.js"
    },
    "chunk-I5IVREEB": {
      "file": "chunk-I5IVREEB.js"
    },
    "chunk-PPYJ6VYU": {
      "file": "chunk-PPYJ6VYU.js"
    },
    "chunk-HN35DGF7": {
      "file": "chunk-HN35DGF7.js"
    },
    "chunk-AIESJSDV": {
      "file": "chunk-AIESJSDV.js"
    },
    "chunk-NGX5KMVR": {
      "file": "chunk-NGX5KMVR.js"
    },
    "chunk-OKDUMLH4": {
      "file": "chunk-OKDUMLH4.js"
    },
    "chunk-72V27RGR": {
      "file": "chunk-72V27RGR.js"
    },
    "chunk-RXXVT7TQ": {
      "file": "chunk-RXXVT7TQ.js"
    },
    "chunk-VU75PTNE": {
      "file": "chunk-VU75PTNE.js"
    },
    "chunk-3QHB6ZOE": {
      "file": "chunk-3QHB6ZOE.js"
    },
    "chunk-2WPDVHTY": {
      "file": "chunk-2WPDVHTY.js"
    },
    "chunk-GUGIMSVJ": {
      "file": "chunk-GUGIMSVJ.js"
    },
    "chunk-5CQ3CRSH": {
      "file": "chunk-5CQ3CRSH.js"
    },
    "chunk-26Y3KHLM": {
      "file": "chunk-26Y3KHLM.js"
    },
    "chunk-DC6XKRN5": {
      "file": "chunk-DC6XKRN5.js"
    },
    "chunk-3ZZCDVLN": {
      "file": "chunk-3ZZCDVLN.js"
    },
    "chunk-O2Q6O3GJ": {
      "file": "chunk-O2Q6O3GJ.js"
    },
    "chunk-RIOTEP5Z": {
      "file": "chunk-RIOTEP5Z.js"
    }
  }
}