{"version":"4.0.15","results":[["FlightReservationFrontend:src/app/admin/flights/edit.spec.ts",{"duration":52.05580000000009,"failed":false}],["FlightReservationFrontend:src/app/home/home.spec.ts",{"duration":356.34680000000117,"failed":false}],["FlightReservationFrontend:src/app/flights/search.spec.ts",{"duration":62.990499999999884,"failed":false}],["FlightReservationFrontend:src/app/app.spec.ts",{"duration":400.9872000000014,"failed":false}],["FlightReservationFrontend:src/app/auth/login.spec.ts",{"duration":53.82130000000052,"failed":false}],["FlightReservationFrontend:src/app/flights/details.spec.ts",{"duration":62.762400000000525,"failed":false}],["FlightReservationFrontend:src/app/admin/flights/create.spec.ts",{"duration":52.861799999999675,"failed":false}],["FlightReservationFrontend:src/app/auth/register.spec.ts",{"duration":52.3765999999996,"failed":false}],["FlightReservationFrontend:src/app/reservations/my-reservations.spec.ts",{"duration":341.29019999999946,"failed":false}],["FlightReservationFrontend:src/app/admin/flights/create/create.spec.ts",{"duration":395.9411,"failed":false}],["FlightReservationFrontend:src/app/auth/register/register.spec.ts",{"duration":438.0607999999993,"failed":false}],["FlightReservationFrontend:src/app/flights/details/details.spec.ts",{"duration":293.64720000000125,"failed":false}],["FlightReservationFrontend:src/app/auth/login/login.spec.ts",{"duration":445.91460000000006,"failed":false}],["FlightReservationFrontend:src/app/admin/flights/edit/edit.spec.ts",{"duration":237.26180000000022,"failed":false}],["FlightReservationFrontend:src/app/flights/search/search.spec.ts",{"duration":229.52109999999993,"failed":false}],["FlightReservationFrontend:src/app/flights/seats/seats.spec.ts",{"duration":346.2455000000009,"failed":false}],["FlightReservationFrontend:src/app/shared/navbar/navbar.spec.ts",{"duration":183.0671000000002,"failed":false}],["FlightReservationFrontend:src/app/shared/footer/footer.spec.ts",{"duration":21.09530000000086,"failed":false}]]}